"_id","__v","createdAt","type_name","type_sort","updatedAt"
"62738f205736a80d677b224d","0","5/5/2022 08:47:28.374","旅游","16","5/5/2022 08:47:28.374"
"62738f215736a80d677b224f","0","5/5/2022 08:47:29.299","管理","15","5/5/2022 08:47:29.299"
"62738f225736a80d677b2251","0","5/5/2022 08:47:30.395","校园","14","5/5/2022 08:47:30.395"
"62738f235736a80d677b2253","0","5/5/2022 08:47:31.452","教育","13","5/5/2022 08:47:31.452"
"62738f245736a80d677b2255","0","5/5/2022 08:47:32.554","新闻","12","5/5/2022 08:47:32.554"
"62738f255736a80d677b2257","0","5/5/2022 08:47:33.548","博客","11","5/5/2022 08:47:33.548"
"62738f265736a80d677b2259","0","5/5/2022 08:47:34.627","医疗","10","5/5/2022 08:47:34.627"
"62738f275736a80d677b225b","0","5/5/2022 08:47:35.931","社交","9","5/5/2022 08:47:35.931"
"62738f285736a80d677b225d","0","5/5/2022 08:47:36.936","便捷","8","5/5/2022 08:47:36.936"
"62738f2a5736a80d677b225f","0","5/5/2022 08:47:38.023","商城","7","5/5/2022 08:47:38.023"
"62738f2a5736a80d677b2261","0","5/5/2022 08:47:38.852","门户","6","5/5/2022 08:47:38.852"
"62738f2b5736a80d677b2263","0","5/5/2022 08:47:39.85","企业","5","5/5/2022 08:47:39.85"
"62738f2c5736a80d677b2265","0","5/5/2022 08:47:40.901","工具","4","5/5/2022 08:47:40.901"
"62738f2d5736a80d677b2267","0","5/5/2022 08:47:41.986","音乐","3","5/5/2022 08:47:41.987"
"62738f9b5736a80d677b2269","0","5/5/2022 08:49:31.789","图书","2","5/5/2022 08:49:31.789"
"62738f9d5736a80d677b226b","0","5/5/2022 08:49:33.469","美食","1","5/5/2022 08:49:33.469"
"62738f9e5736a80d677b226d","0","5/5/2022 08:49:34.676","其他","0","5/5/2022 08:49:34.676"
"629326c34cf9fd2342513475","0","29/5/2022 07:54:43.927","动漫","17","29/5/2022 07:54:43.927"
"62a9a194a1cb2d6d14571c6a","0","15/6/2022 09:08:36.811","健康","18","15/6/2022 09:08:36.811"
"62a9a1c4a1cb2d6d14571c79","0","15/6/2022 09:09:24.184","文化","19","15/6/2022 09:09:24.184"
"62a9a1d0a1cb2d6d14571c7c","0","15/6/2022 09:09:36.035","房产","20","15/6/2022 09:09:36.035"
"62a9a1dca1cb2d6d14571c7f","0","15/6/2022 09:09:48.001","汽车","21","15/6/2022 09:09:48.001"
"62a9a1e7a1cb2d6d14571c82","0","15/6/2022 09:09:59.156","娱乐","22","15/6/2022 09:09:59.156"
"62a9a230a1cb2d6d14571c8b","0","15/6/2022 09:11:12.881","体育","24","15/6/2022 09:11:12.881"
"62a9a249a1cb2d6d14571c94","0","15/6/2022 09:11:37.452","科技","25","15/6/2022 09:11:37.452"
"62a9a5baa1cb2d6d14571d51","0","15/6/2022 09:26:18.698","设计","24","15/6/2022 09:26:18.698"
